{"test/accuracy":0.4773103676714144,"eval/steps_per_second":4.19,"total_flos":7.94266498368e+15,"eval/loss":0.6399710774421692,"test/runtime":11.2377,"eval/accuracy":0.7121563431599868,"train/loss":0.054,"_wandb":{"runtime":1491},"_timestamp":1.732169031882112e+09,"eval/runtime":11.4553,"_step":209,"train_samples_per_second":82.177,"test/steps_per_second":4.271,"test/samples_per_second":268.648,"train/global_step":1890,"_runtime":1491.16644323,"train_runtime":1469.3877,"train_steps_per_second":1.286,"train/grad_norm":213777.078125,"train/epoch":10,"eval/samples_per_second":263.546,"train_loss":0.23850736479279855,"test/loss":0.8550894856452942,"train/learning_rate":0}