{"train/global_step":126,"train_steps_per_second":0.444,"eval/accuracy":0.585,"test/steps_per_second":1.227,"eval/runtime":10.5635,"test/runtime":10.5915,"eval/samples_per_second":18.933,"train_loss":2.7115397528996543,"train/learning_rate":1.388888888888889e-05,"_timestamp":1.7321714172494047e+09,"train/epoch":2,"eval/loss":1.270653486251831,"_step":5,"train_samples_per_second":7.046,"train/loss":1.1677,"test/accuracy":0.535,"train_runtime":283.8681,"_runtime":304.096421021,"test/samples_per_second":18.883,"eval/steps_per_second":1.231,"total_flos":9.73623263232e+14,"test/loss":4.492204189300537,"train/grad_norm":116.544677734375,"_wandb":{"runtime":304}}