{"_runtime":116.436666126,"train/global_step":200,"eval/accuracy":0.5392514077509108,"eval/runtime":8.407,"train/loss":0.6886,"eval/loss":0.6900597214698792,"train/learning_rate":4.8677248677248676e-05,"eval/samples_per_second":359.107,"eval/steps_per_second":5.71,"train/epoch":1.0582010582010581,"train/grad_norm":5064.35546875,"_timestamp":1.7321814182942698e+09,"_step":5,"_wandb":{"runtime":120}}