{"test/runtime":11.852,"train_steps_per_second":1.294,"eval/runtime":11.566,"train_runtime":1460.3482,"_runtime":1482.819138446,"train_samples_per_second":82.686,"test/steps_per_second":4.05,"eval/samples_per_second":261.025,"test/loss":0.7789294123649597,"_step":209,"eval/loss":0.6577977538108826,"eval/accuracy":0.7114938721430938,"_wandb":{"runtime":1483},"train/learning_rate":0,"train/epoch":10,"train_loss":0.24825936957957254,"train/global_step":1890,"train/grad_norm":2317.885498046875,"train/loss":0.0388,"total_flos":7.94266498368e+15,"_timestamp":1.732182793184565e+09,"eval/steps_per_second":4.15,"test/samples_per_second":254.725,"test/accuracy":0.4786353097052004}