{"eval/steps_per_second":0.405,"eval/accuracy":0.705,"eval/samples_per_second":11.579,"train/grad_norm":137.0693817138672,"train/global_step":750,"_runtime":2599.874037487,"train/loss":0.5801,"_wandb":{"runtime":2638},"_step":21,"eval/loss":0.5902180671691895,"train/epoch":1.9841269841269842,"eval/runtime":17.2732,"_timestamp":1.7321683969741616e+09,"train/learning_rate":9.92063492063492e-07}