{"eval/steps_per_second":1.223,"train/global_step":100,"train/epoch":1.5873015873015874,"eval/loss":1.6233415603637695,"_timestamp":1.7321648415435627e+09,"eval/samples_per_second":19.112,"train/loss":3.3469,"train/learning_rate":1.388888888888889e-05,"eval/accuracy":0.568,"_wandb":{"runtime":297},"_runtime":242.397586999,"_step":1,"eval/runtime":26.161,"train/grad_norm":72.48687744140625}