{"eval/accuracy":0.4,"eval/loss":4.24390983581543,"test/accuracy":0.7,"_step":3,"test/runtime":1.6566,"test/samples_per_second":12.073,"train_loss":8.5990030169487,"_runtime":309.492891466,"_timestamp":1.732169523970998e+09,"train_runtime":307.1524,"train_steps_per_second":0.208,"train/global_step":64,"test/loss":1.1440538167953491,"eval/runtime":1.5918,"_wandb":{"runtime":309},"total_flos":9.73623263232e+14,"eval/samples_per_second":12.564,"train_samples_per_second":6.511,"train/learning_rate":1.796875e-05,"train/loss":10.2442,"train/grad_norm":46.85928726196289,"test/steps_per_second":0.604,"eval/steps_per_second":0.628,"train/epoch":2}