{"_wandb":{"runtime":9186},"eval/runtime":61.5405,"train_loss":0.7324671790713355,"eval/accuracy":0.7022192779065916,"eval/loss":0.593400239944458,"eval/steps_per_second":0.78,"test/runtime":63.687,"train_runtime":9062.2261,"eval/samples_per_second":49.057,"train_samples_per_second":13.325,"total_flos":5.8782504517632e+16,"_step":57,"test/samples_per_second":47.404,"train_steps_per_second":0.209,"train/loss":0.4101,"_runtime":9186.550802578,"test/loss":4.873531818389893,"train/grad_norm":31.015817642211914,"train/global_step":1890,"test/steps_per_second":0.754,"train/epoch":10,"test/accuracy":0.545876117919841,"_timestamp":1.7321807868057435e+09,"train/learning_rate":1.2962962962962962e-06}