{"eval/runtime":5.4733,"train_runtime":1976.642,"test/runtime":5.6381,"train/global_step":3780,"eval/loss":0.6699069142341614,"train/learning_rate":3.9682539682539683e-07,"_step":114,"_runtime":1986.857182509,"test/samples_per_second":535.467,"eval/accuracy":0.6757204372308712,"test/loss":0.9580451846122742,"train/epoch":20,"train_steps_per_second":1.912,"eval/samples_per_second":551.584,"eval/steps_per_second":8.77,"train/loss":0.048,"train/grad_norm":0.11121782660484314,"total_flos":1.44284789376e+15,"train_loss":0.2428762648471449,"test/accuracy":0.544551175886055,"_wandb":{"runtime":1986},"_timestamp":1.7321697771819782e+09,"train_samples_per_second":122.177,"test/steps_per_second":8.514}