{"_runtime":227.498129773,"train/loss":2.1388,"_timestamp":1.732170118943798e+09,"eval/steps_per_second":1.229,"train/grad_norm":141.71580505371094,"train/learning_rate":1.388888888888889e-05,"eval/accuracy":0.57,"_wandb":{"runtime":282},"_step":2,"eval/runtime":10.5745,"eval/loss":1.503076434135437,"eval/samples_per_second":18.913,"train/epoch":1.5873015873015874,"train/global_step":100}