{"eval/steps_per_second":1.652,"_wandb":{"runtime":1189},"train/epoch":6,"train_samples_per_second":27.135,"eval/accuracy":0.928679817905918,"test/runtime":12.9101,"train_steps_per_second":0.427,"train/global_step":498,"train/grad_norm":25.531404495239258,"train/loss":0.1379,"eval/loss":0.22264444828033447,"train/learning_rate":5.622489959839358e-06,"eval/samples_per_second":103.664,"test/loss":3.69480562210083,"test/steps_per_second":1.627,"train_runtime":1165.0819,"test/samples_per_second":102.091,"train_loss":0.48367236225480537,"test/accuracy":0.3512898330804249,"_step":15,"total_flos":1.5380120348246016e+16,"eval/runtime":12.7141,"_timestamp":1.7325817127893648e+09,"_runtime":1189.723596899}