{"eval/samples_per_second":32.569,"_step":195,"_runtime":7254.664668335,"eval/loss":0.5839998126029968,"train/grad_norm":0.0001377203589072451,"train/global_step":6550,"_timestamp":1.7325788046886756e+09,"train/loss":0,"train/epoch":9.939301972685888,"eval/steps_per_second":4.077,"_wandb":{"runtime":7282},"eval/runtime":40.4675,"train/learning_rate":3.793626707132019e-07,"eval/accuracy":0.9332321699544764}