{"train_steps_per_second":0.413,"_timestamp":1.7321651694742854e+09,"test/loss":3.384011745452881,"test/samples_per_second":6.605,"total_flos":9.73623263232e+13,"train_loss":4.454450062343052,"train_runtime":33.9209,"_wandb":{"runtime":34},"test/runtime":0.7569,"train/global_step":14,"eval/loss":2.751375675201416,"eval/accuracy":0.8,"_step":2,"eval/samples_per_second":6.632,"test/accuracy":0.6,"test/steps_per_second":1.321,"eval/runtime":0.7539,"train/epoch":2,"eval/steps_per_second":1.326,"train_samples_per_second":5.896,"_runtime":34.531099095}