{"_wandb":{"runtime":95},"eval/accuracy":0.48,"_step":2,"total_flos":9.73623263232e+13,"test/runtime":17.4367,"test/steps_per_second":0.401,"train/epoch":2,"train_samples_per_second":3.275,"test/loss":2.408864974975586,"eval/runtime":17.5222,"_timestamp":1.7321686484133568e+09,"train/global_step":8,"eval/loss":8.195330619812012,"test/samples_per_second":11.47,"train_runtime":61.0698,"_runtime":95.12196164,"eval/steps_per_second":0.399,"test/accuracy":0.53,"train_loss":9.742642402648926,"eval/samples_per_second":11.414,"train_steps_per_second":0.131}