{"train/loss":1.4899,"train/global_step":100,"train/learning_rate":1.388888888888889e-05,"_runtime":226.268827232,"_wandb":{"runtime":281},"eval/steps_per_second":1.227,"eval/loss":1.3817451000213623,"eval/runtime":10.5992,"train/epoch":1.5873015873015874,"eval/accuracy":0.585,"_step":2,"_timestamp":1.7321705356202028e+09,"train/grad_norm":47.597938537597656,"eval/samples_per_second":18.869}