{"train_runtime":3393.6956,"train/loss":0,"eval/samples_per_second":512.198,"total_flos":2.88569578752e+15,"_wandb":{"runtime":3404},"test/steps_per_second":8.161,"_timestamp":1.732184859705527e+09,"test/accuracy":0.5558131831732361,"train/grad_norm":0.06004733592271805,"train_samples_per_second":142.323,"eval/loss":0.6734053492546082,"train_loss":0.23150851738899653,"eval/steps_per_second":8.144,"train_steps_per_second":2.228,"test/samples_per_second":513.277,"train/global_step":7560,"train/epoch":40,"_step":833,"eval/accuracy":0.6737330241801921,"train/learning_rate":0,"test/runtime":5.8818,"test/loss":1.128035306930542,"eval/runtime":5.8942,"_runtime":3404.528175706}