{"_runtime":412.898602207,"eval/runtime":12.6971,"test/steps_per_second":1.627,"train/grad_norm":45.82159423828125,"eval/loss":0.3655143976211548,"train/loss":0.3941,"train_steps_per_second":0.428,"train/learning_rate":7.530120481927712e-06,"_timestamp":1.7325804272760658e+09,"eval/accuracy":0.8892261001517451,"_wandb":{"runtime":413},"train_loss":2.292913049100393,"train_runtime":388.2251,"train_samples_per_second":27.144,"test/samples_per_second":102.102,"eval/steps_per_second":1.654,"train/global_step":166,"test/runtime":12.9087,"eval/samples_per_second":103.803,"test/loss":21.541658401489258,"test/accuracy":0.44309559939301973,"train/epoch":2,"total_flos":5.126706782748672e+15,"_step":6}