{"train_steps_per_second":0.093,"train_runtime":21.3926,"train_samples_per_second":0.935,"eval/samples_per_second":0.964,"total_flos":9.73623263232e+12,"test/samples_per_second":0.943,"_runtime":24.619891117,"train/global_step":2,"test/runtime":2.1217,"eval/loss":0.8127173185348511,"train/epoch":2,"test/steps_per_second":0.471,"_step":2,"_timestamp":1.7321689839452674e+09,"train_loss":1.1793701648712158,"eval/accuracy":0.5,"eval/runtime":2.0741,"_wandb":{"runtime":24},"eval/steps_per_second":0.482,"test/loss":0.9320695996284485,"test/accuracy":0.5}