{"test/runtime":7.882,"train/learning_rate":1.388888888888889e-05,"train_runtime":282.4668,"_timestamp":1.7321709769224203e+09,"eval/steps_per_second":1.243,"test/steps_per_second":1.649,"train/global_step":126,"eval/loss":1.7242710590362549,"eval/runtime":10.4584,"_step":5,"train/loss":2.0171,"eval/accuracy":0.535,"test/loss":3.3290910720825195,"train/grad_norm":182.81002807617188,"_wandb":{"runtime":299},"train_loss":8.148314763629248,"train/epoch":2,"train_steps_per_second":0.446,"eval/samples_per_second":19.123,"_runtime":299.889474044,"train_samples_per_second":7.08,"test/samples_per_second":25.374,"total_flos":9.73623263232e+14,"test/accuracy":0.57}